{
	"carName": "amr_v8_vantage_gt3",
	"basicSetup":
	{
		"tyres":
		{
			"tyreCompound": 0,
			"tyrePressure": [ 55, 43, 52, 45 ]
		},
		"alignment":
		{
			"camber": [ 0, 0, 5, 5 ],
			"toe": [ 28, 28, 44, 44 ],
			"staticCamber": [ -5.4637022018432617, -5.4731483459472656, -4.8202557563781738, -4.8250980377197266 ],
			"toeOutLinear": [ 0.0002490373735781759, 0.00024903920711949468, 0.00015757672372274101, 0.00015748020086903125 ],
			"casterLF": 30,
			"casterRF": 30,
			"steerRatio": 0
		},
		"electronics":
		{
			"tC1": 4,
			"tC2": 0,
			"abs": 3,
			"eCUMap": 0,
			"fuelMix": 0,
			"telemetryLaps": 99
		},
		"strategy":
		{
			"fuel": 38,
			"nPitStops": 0,
			"tyreSet": 0,
			"frontBrakePadCompound": 0,
			"rearBrakePadCompound": 0,
			"pitStrategy": [
				{
					"fuelToAdd": 0,
					"tyres":
					{
						"tyreCompound": 0,
						"tyrePressure": [ 55, 43, 52, 45 ]
					},
					"tyreSet": 2,
					"frontBrakePadCompound": 0,
					"rearBrakePadCompound": 0
				}
			],
			"fuelPerLap": 2.3599319458007813
		}
	},
	"advancedSetup":
	{
		"mechanicalBalance":
		{
			"aRBFront": 8,
			"aRBRear": 0,
			"wheelRate": [ 3, 3, 1, 1 ],
			"bumpStopRateUp": [ 22, 22, 0, 0 ],
			"bumpStopRateDn": [ 0, 0, 10, 10 ],
			"bumpStopWindow": [ 14, 14, 6, 6 ],
			"brakeTorque": 20,
			"brakeBias": 4
		},
		"dampers":
		{
			"bumpSlow": [ 14, 14, 8, 8 ],
			"bumpFast": [ 0, 0, 4, 4 ],
			"reboundSlow": [ 14, 14, 25, 25 ],
			"reboundFast": [ 4, 4, 0, 0 ]
		},
		"aeroBalance":
		{
			"rideHeight": [ 2, 6, 32, 18 ],
			"rodLength": [ 60.659488677978516, 60.659488677978516, 83.09954833984375, 83.09954833984375 ],
			"splitter": 0,
			"rearWing": 10,
			"brakeDuct": [ 2, 2 ]
		},
		"drivetrain":
		{
			"preload": 0
		}
	},
	"trackBopType": 36
}